year,total_assets,total_liabilities,total_equity
2023,2255363.64,1081635.46,29628.719999999972
2024,2582462.1799999997,744460.01,586744.1000000001
2025,3174523.3299999996,667250.15,1260280.69
